,Pulled_ID,Pulled_Movie_Name,Pulled_Release_Date,Budget,Revenue,Profit,Preformer,Gender
0,616904,Enter the Anime,2019-08-05,0,0,0,Kouzou Morishita,2
1,544087,Dark Forces: Shadow People,2018-05-18,1000000,0,-1000000,,
2,653522,The App,2019-12-26,0,0,0,Vincenzo Crea,2
3,485774,The Open House,2018-01-19,0,0,0,Dylan Minnette,2
4,744876,Kaali Khuhi,2020-10-30,0,0,0,Shabana Azmi,1
5,466550,Drive,2019-11-01,0,0,0,Sushant Singh Rajput,2
6,668156,Leyla Everlasting,2020-12-04,0,0,0,Demet Akbağ,1
7,339095,The Last Days of American Crime,2020-06-05,0,0,0,Edgar Ramírez,2
8,183011,Justice League: The Flashpoint Paradox,2013-07-30,3500000,0,-3500000,Justin Chambers,2
9,734780,Sardar Ka Grandson,2021-05-18,0,0,0,Arjun Kapoor,2
10,816836,Searching for Sheela,2021-04-22,0,0,0,Ma Anand Sheela,1
11,158011,The Call,2013-03-14,13000000,68572378,55572378,Halle Berry,1
12,17314,Pistol Whipped,2008-03-04,10000000,0,-10000000,Steven Seagal,2
13,748402,All Because of You,2020-10-01,0,0,0,Hairul Azreen,2
14,180305,Mercy,2014-10-07,0,0,0,Frances O'Connor,1
15,650029,After the Raid,2019-12-19,0,0,0,,
16,429417,Ghost Stories,2018-01-20,0,135095,135095,Andy Nyman,2
17,505225,The Last Thing He Wanted,2020-02-14,0,0,0,Anne Hathaway,1
18,629277,What Happened to Mr Cha?,2021-01-01,0,0,0,Cha In-pyo,2
19,351460,Death Note,2017-08-25,40000000,0,-40000000,Nat Wolff,2
20,628039,"Hello, Privilege. It's Me, Chelsea",2019-09-13,0,0,0,Chelsea Handler,1
21,612152,Secret Obsession,2019-07-18,0,0,0,Brenda Song,1
22,582570,Sextuplets,2019-08-16,0,0,0,Marlon Wayans,2
23,346685,The Girl on the Train,2016-10-05,45000000,173185859,128185859,Emily Blunt,1
24,615678,Thunder Force,2021-04-09,0,0,0,Melissa McCarthy,1
25,714375,Fatal Affair,2020-07-16,0,0,0,Nia Long,1
26,802504,Just Say Yes,2021-04-02,0,0,0,Yolanthe Cabau,1
27,661747,Seriously Single,2020-07-31,0,0,0,Fulu Mugovhani,1
28,659063,The Misadventures of Hedi and Cokeman,2021-02-10,0,0,0,Hedi Bouchenafa,2
29,563766,5 Star Christmas,2018-12-07,0,0,0,Massimo Ghini,2
30,600700,After Maria,2019-04-28,0,0,0,Glenda Martes,0
31,407559,I Am the Pretty Thing That Lives in the House,2016-09-10,0,0,0,Ruth Wilson,1
32,504321,Paris Is Us,2019-02-22,0,0,0,Noémie Schmidt,1
33,560362,Rattlesnake,2019-10-25,0,0,0,Carmen Ejogo,1
34,19848,The Players Club,1998-04-08,4500000,23261485,18761485,LisaRaye McCoy,1
35,705899,We Are One With President-Elect Barack Obama,2009-01-18,0,0,0,Barack Obama,2
36,756252,Finding Agnes,2020-11-30,0,0,0,Jelson Bay,0
37,433249,IO,2019-01-18,0,0,0,Margaret Qualley,1
38,793723,Sentinelle,2021-03-05,0,0,0,Olga Kurylenko,1
39,688900,Sol Levante,2020-04-02,0,0,0,,
40,408755,The Binding,2016-08-02,0,0,0,Max Adler,2
41,615677,We Can Be Heroes,2020-12-25,0,0,0,YaYa Gosselin,1
42,765123,Christmas Crossfire,2020-12-04,0,0,0,Kostja Ullmann,2
43,429238,Coin Heist,2017-01-06,0,0,0,Alex Saxon,2
44,601807,Mrs. Serial Killer,2020-05-01,0,0,0,Jacqueline Fernandez,1
45,681019,Nobody Sleeps in the Woods Tonight,2020-03-13,0,0,0,Julia Wieniawa-Narkiewicz,1
46,433245,Take the 10,2017-01-20,0,0,0,Josh Peck,2
47,637157,The Main Event,2020-04-10,0,0,0,Seth Carr,2
48,347969,The Ridiculous 6,2015-12-11,60000000,0,-60000000,Adam Sandler,2
49,659067,Earth and Blood,2020-04-17,0,0,0,Sami Bouajila,2
50,726664,Fearless,2020-08-14,0,0,0,Yara Shahidi,1
51,639609,Holiday Rush,2019-11-28,0,0,0,Sonequa Martin-Green,1
52,676844,The Day of the Lord,2020-10-30,0,0,0,Juli Fàbregas,2
53,550115,Airplane Mode,2019-08-02,0,0,0,Logan Paul,2
54,475210,How It Ends,2018-07-13,20000000,0,-20000000,Theo James,2
55,683199,Love Like the Falling Rain,2020-10-15,0,0,0,Jefri Nichol,2
56,40170,Mortal Kombat: Rebirth,2010-06-08,7500,0,-7500,Lateef Crowder,2
57,787298,Squared Love,2021-02-11,0,0,0,Adrianna Chlebicka,1
58,323372,The Corpse of Anna Fritz,2015-03-15,0,0,0,Alba Ribas,1
59,433244,Clinical,2017-01-13,0,0,0,Vinessa Shaw,1
60,615177,Coffee & Kareem,2020-04-03,0,0,0,Ed Helms,2
61,399131,Dude,2018-04-20,0,0,0,Lucy Hale,1
62,664524,Geez & Ann,2021-02-25,0,0,0,Hanggini Purinda Retto,0
63,718867,The Larva Island Movie,2020-07-23,0,0,0,Hong Beom-gi,2
64,628756,American Factory: A Conversation with the Obamas,2019-09-04,0,0,0,Barack Obama,2
65,706510,Desperados,2020-07-01,0,0,0,Nasim Pedrad,1
66,747349,Dolly Parton's Christmas on the Square,2020-11-22,0,0,0,Dolly Parton,1
67,531949,Father of the Year,2018-07-20,0,0,0,David Spade,2
68,582868,Firebrand,2019-02-22,0,0,0,Usha Jadhav,1
69,710871,Ghost Lab,2021-05-26,0,0,0,Thanapob Leeratanakajorn,2
70,346650,Girlfriend's Day,2017-01-24,0,0,0,Bob Odenkirk,2
71,402582,Handsome: A Netflix Mystery Movie,2017-05-05,0,0,0,Jeff Garlin,2
72,617505,Hubie Halloween,2020-10-07,14000000,0,-14000000,Adam Sandler,2
73,463053,Ibiza,2018-05-25,0,0,0,Gillian Jacobs,1
74,531306,Rim of the World,2019-05-24,0,0,0,Jack Gore,2
75,419700,Sandy Wexler,2017-04-14,0,0,0,Adam Sandler,2
76,582607,See You Yesterday,2019-05-03,0,0,0,Eden Duncan-Smith,1
77,602310,Still Laugh-In: The Stars Celebrate,2019-05-14,0,0,0,Tiffany Haddish,1
78,778870,"Strip Down, Rise Up",2021-02-05,0,0,0,Sheila Kelley,1
79,625450,Tall Girl,2019-09-13,0,0,0,Ava Michelle,1
80,10020,Beauty and the Beast,1991-11-13,25000000,377350553,352350553,Paige O'Hara,1
81,465109,The Week Of,2018-04-27,0,0,0,Adam Sandler,2
82,525041,A Christmas Prince: The Royal Wedding,2018-11-30,0,0,0,Rose McIver,1
83,15596,Back to School,1986-06-13,11000000,91258000,80258000,Rodney Dangerfield,2
84,689723,Dangerous Lies,2020-05-30,0,0,0,Camila Mendes,1
85,645489,Gunjan Saxena: The Kargil Girl,2020-08-12,0,0,0,Pankaj Tripathi,2
86,262709,Dangerous Intuition,2013-11-18,500000,0,-500000,Genea Charpentier,1
87,478100,The Most Assassinated Woman in the World,2018-09-07,0,0,0,Anna Mouglalis,1
88,631060,Things Heard & Seen,2021-04-29,0,0,0,Amanda Seyfried,1
89,470558,To Each Her Own,2008-09-18,0,0,0,Kelly Ames,0
90,586333,Who Would You Take to a Deserted Island?,2019-03-22,0,0,0,Pol Monen,2
91,352492,XOXO,2016-08-26,0,0,0,Sarah Hyland,1
92,624963,A Babysitter's Guide to Monster Hunting,2020-10-14,0,0,0,Tamara Smart,1
93,587693,A Christmas Prince: The Royal Baby,2019-12-05,0,0,0,Rose McIver,1
94,588001,Despite Everything,2019-03-16,0,0,0,Blanca Suárez,1
95,639414,Dolly Kitty and Those Twinkling Stars,2019-10-04,0,0,0,Konkona Sen Sharma,1
96,658777,Freaks – You're One of Us,2020-09-02,0,0,0,Cornelia Gröschel,1
97,456750,"Game Over, Man!",2018-03-23,0,0,0,Adam DeVine,2
98,675592,Guilty,2020-03-06,0,0,0,Kiara Advani,1
99,523139,In the Tall Grass,2019-09-20,0,0,0,Patrick Wilson,2
100,660006,Madame Claude,2021-04-02,0,0,0,Karole Rocher,1
101,433251,Naked,2017-08-11,0,0,0,Marlon Wayans,2
102,775996,Outside the Wire,2021-01-15,0,0,0,Anthony Mackie,2
103,643882,The Princess Switch: Switched Again,2020-11-19,10000000,0,-10000000,Vanessa Hudgens,1
104,694234,Under the Riccione Sun,2020-07-01,3000000,0,-3000000,Cristiano Caccamo,2
105,364067,A Very Murray Christmas,2015-12-04,0,0,0,Bill Murray,2
106,462469,Been So Long,2018-10-12,0,0,0,Michaela Coel,1
107,625248,Dead Kids,2019-11-17,0,0,0,Kelvin Miranda,0
108,812592,Get the Grift,2021-04-28,0,0,0,Samantha Schmütz,1
109,586245,Ghosts of Sugar Land,2019-01-26,0,0,0,Kc Okoro,0
110,645998,House Arrest,2019-11-15,0,0,0,Ali Fazal,2
111,580001,Kevin Hart's Guide to Black History,2019-02-08,0,0,0,Kevin Hart,2
112,624808,Love Wedding Repeat,2020-04-10,0,0,0,Sam Claflin,2
113,401371,Mute,2018-02-23,0,0,0,Alexander Skarsgård,2
114,649087,Red Dot,2021-02-11,0,0,0,Johannes Bah Kuhnke,2
115,796124,Ride or Die,2021-02-09,0,0,0,Vanessa Allen,0
116,431072,Step Sisters,2018-01-19,10000000,0,-10000000,Eden Sher,1
117,384521,The Cloverfield Paradox,2018-02-04,45000000,0,-45000000,Gugu Mbatha-Raw,1
118,611207,The Knight Before Christmas,2019-11-21,0,0,0,Vanessa Hudgens,1
119,311307,The Legacy of a Whitetail Deer Hunter,2018-03-10,0,0,0,Josh Brolin,2
120,503619,The Package,2018-08-10,0,0,0,Daniel Doheny,2
121,423949,Unicorn Store,2017-09-11,0,0,0,Brie Larson,1
122,513083,Wine Country,2019-05-08,0,0,0,Amy Poehler,1
123,457917,Bomb Scared,2017-12-08,0,0,0,Javier Cámara,2
124,373453,Brahman Naman,2016-01-24,0,0,0,Shashank Arora,2
125,773998,Double Dad,2021-01-15,0,0,0,Maisa Silva,1
126,623195,Falling Inn Love,2019-09-04,0,0,0,Christina Milian,1
127,395841,Hold the Dark,2018-09-22,0,0,0,Jeffrey Wright,2
128,644090,"Love, Guaranteed",2020-09-02,0,0,0,Rachael Leigh Cook,1
129,682426,One-Way to Tomorrow,2020-06-19,0,0,0,Metin Akdülger,2
130,732359,Sarah Cooper: Everything's Fine,2020-10-27,0,0,0,Sarah Cooper,1
131,571451,The Last Laugh,2019-01-11,0,0,0,Chevy Chase,2
132,746422,The Last Paradiso,2021-02-05,0,0,0,Riccardo Scamarcio,2
133,614911,The Midnight Sky,2020-12-10,0,0,0,George Clooney,2
134,701175,The Paramedic,2020-09-16,0,0,0,Mario Casas,2
135,626393,The Sleepover,2020-08-21,0,0,0,Joanna Herrington,1
136,567971,Vampires vs. the Bronx,2020-10-02,0,0,0,Jaden Michael,2
137,810731,Why Did You Kill Me?,2021-04-14,0,0,0,Belinda Lane,0
138,699102,A Week Away,2021-03-26,0,0,0,Bailee Madison,1
139,694256,Caught by a Wave,2021-03-25,2000000,0,-2000000,Elvira Camarrone,0
140,449755,Christmas Inheritance,2017-12-15,10000000,0,-10000000,Eliza Taylor,1
141,737802,Dad Wanted,2020-09-11,0,0,0,Natalia Coronado,0
142,485504,El Camino Christmas,2017-12-08,0,0,0,Luke Grimes,2
143,483202,Eli,2019-10-18,0,0,0,Charlie Shotwell,2
144,744676,Ginny Weds Sunny,2020-10-09,0,0,0,Yami Gautam,1
145,602609,Good Sam,2019-05-16,0,0,0,Tiya Sircar,1
146,9399,Lionheart,1990-06-07,6000000,24271196,18271196,Jean-Claude Van Damme,2
147,346671,Little Evil,2017-08-08,0,0,0,Adam Scott,2
148,679063,BNK48: One Take,2020-04-01,0,0,0,,
149,561230,"Out of Many, One",2018-12-12,0,0,0,Ruth Bader Ginsburg,1
150,531503,Point Blank,2019-07-12,0,0,0,Anthony Mackie,2
151,745078,Prime Time,2021-01-30,0,0,0,Bartosz Bielenia,2
152,389053,The Do-Over,2016-05-27,0,0,0,Adam Sandler,2
153,555850,The Holiday Calendar,2018-11-02,0,0,0,Kat Graham,1
154,520663,The Woman in the Window,2021-05-14,4000000,0,-4000000,Amy Adams,1
155,582596,The Wrong Missy,2020-05-13,0,0,0,David Spade,2
156,463684,Velvet Buzzsaw,2019-02-01,21000000,0,-21000000,Jake Gyllenhaal,2
157,638597,Yes Day,2021-03-12,0,0,0,Jennifer Garner,1
158,585836,15 August,2019-03-29,0,0,0,Rahul Pethe,0
159,768520,A California Christmas,2020-12-14,0,0,0,Lorynn York,1
160,483104,A Christmas Prince,2017-11-17,0,0,0,Rose McIver,1
161,530956,All Day and a Night,2020-05-01,0,0,0,Ashton Sanders,2
162,622963,American Son,2019-09-12,0,0,0,Kerry Washington,1
163,397717,Barry,2016-09-10,0,0,0,Devon Terrell,2
164,507143,Candy Jar,2018-04-27,0,0,0,Sami Gayle,1
165,706783,Choked: Paisa Bolta Hai,2020-06-05,0,0,0,Saiyami Kher,1
166,730428,Class of '83,2020-08-21,0,0,0,Bobby Deol,2
167,429415,Extinction,2018-07-26,0,1451864,1451864,Michael Peña,2
168,451563,Happy Anniversary,2018-03-30,0,0,0,Noël Wells,1
169,823855,I Am All Girls,2021-05-14,0,0,0,Erica Wessels,1
170,295151,Let It Snow,2019-11-08,0,0,0,Joan Cusack,1
171,368993,Mascots,2016-10-11,20000000,0,-20000000,Zach Woods,2
172,738646,Operation Christmas Drop,2020-11-05,0,0,0,Kat Graham,1
173,494950,Rajma Chawal,2018-10-13,0,0,0,Rishi Kapoor,2
174,180576,Rich in Love,1992-10-01,0,0,0,Albert Finney,2
175,658751,Rising High,2020-04-17,0,0,0,David Kross,2
176,454854,Rodney King,2017-04-28,0,0,0,Roger Guenveur Smith,2
177,462919,Sierra Burgess Is a Loser,2018-09-07,0,0,0,Shannon Purser,1
178,411405,Small Crimes,2017-04-28,0,0,0,Nikolaj Coster-Waldau,2
179,355008,Special Correspondents,2016-04-22,0,0,0,Ricky Gervais,2
180,411143,Tau,2018-06-29,0,0,0,Maika Monroe,1
181,538604,The After Party,2018-08-24,0,0,0,Shelley Hennig,1
182,623491,The Babysitter: Killer Queen,2020-09-10,0,0,0,Judah Lewis,2
183,767896,The Claus Family,2020-12-07,0,0,0,Jan Decleir,2
184,583083,The Kissing Booth 2,2020-07-24,0,0,0,Joey King,1
185,543540,The Perfect Date,2019-04-12,0,0,0,Camila Mendes,1
186,754800,What We Wanted,2020-11-11,0,0,0,Lavinia Wilson,1
187,746957,You've Got This,2020-10-02,0,0,0,Mauricio Ochmann,2
188,500634,6 Balloons,2018-03-12,0,0,0,Abbi Jacobson,1
189,651070,A Fall from Grace,2020-01-17,0,0,0,Crystal R. Fox,1
190,515333,Amateur,2018-04-06,0,0,0,Michael Rainey Jr.,2
191,503736,Army of the Dead,2021-05-14,70,780000,779930,Dave Bautista,2
192,777350,Dory's Reef Cam,2020-12-18,0,0,0,,
193,513409,Earthquake Bird,2019-11-01,0,0,0,Alicia Vikander,1
194,612701,"Frankenstein's Monster's Monster, Frankenstein",2019-07-16,0,0,0,David Harbour,2
195,653601,Horse Girl,2020-01-27,0,0,0,Alison Brie,1
196,550860,Notes from Dunblane: Lessons from a School Shooting,2018-09-28,0,0,0,Father Bob Weiss,0
197,686919,Maska,2020-03-27,0,0,0,Manisha Koirala,1
198,21137,The Decline of Western Civilization,1981-07-01,100000,0,-100000,Alice Bag,0
199,774054,The Minimalists: Less Is Now,2021-01-01,84919,0,-84919,Joshua Fields Millburn,0
200,419472,The Polka King,2017-01-22,0,0,0,Jack Black,2
201,611213,The Prom,2020-12-02,0,0,0,Meryl Streep,1
202,339396,True Memoirs of an International Assassin,2016-11-11,40000000,0,-40000000,Kevin James,2
203,668195,Ultras,2020-03-09,0,0,0,Aniello Arena,2
204,430446,Come Sunday,2018-01-21,0,0,0,Chiwetel Ejiofor,2
205,70548,Forgive Us Our Debts,1991-01-01,0,0,0,,
206,414190,iBoy,2017-01-27,1500000,0,-1500000,Bill Milner,2
207,559082,Lovefucked,2018-10-26,0,0,0,Rohit Kokate,0
208,581475,Juanita,2019-03-08,0,0,0,Alfre Woodard,1
209,514999,Murder Mystery,2019-05-25,24000000,0,-24000000,Adam Sandler,2
210,605116,Project Power,2020-08-14,0,0,0,Jamie Foxx,2
211,505379,Rebecca,2020-10-16,0,0,0,Lily James,1
212,654028,The Christmas Chronicles: Part Two,2020-11-18,0,0,0,Kurt Russell,2
213,454983,The Kissing Booth,2018-05-11,0,0,0,Joey King,1
214,556803,The Princess Switch,2018-11-16,0,0,0,Vanessa Hudgens,1
215,565426,To All the Boys: P.S. I Still Love You,2020-02-12,0,0,0,Lana Condor,1
216,354287,War Machine,2017-05-26,60000000,0,-60000000,Brad Pitt,2
217,509967,6 Underground,2019-12-10,150000000,0,-150000000,Ryan Reynolds,2
218,584962,Between Two Ferns: The Movie,2019-09-20,0,0,0,Zach Galifianakis,2
219,426265,Burning Sands,2017-01-24,0,0,0,Trevor Jackson,2
220,430826,Casting JonBenet,2017-04-28,0,0,0,Hannah Cagwin,1
221,428687,Deidra & Laney Rob a Train,2017-01-23,0,0,0,Ashleigh Murray,1
222,644092,Finding 'Ohana,2021-01-29,0,0,0,Kea Peahu,1
223,615665,Holidate,2020-10-27,0,0,0,Emma Roberts,1
224,531438,Holiday in the Wild,2019-11-06,0,0,0,Rob Lowe,2
225,318256,Hot Girls Wanted,2015-05-29,0,0,0,Ava Taylor,1
226,38322,"Big Mommas: Like Father, Like Son",2011-02-16,32000000,83615414,51615414,Martin Lawrence,2
227,567970,Lost Girls,2020-01-28,0,0,0,Amy Ryan,1
228,531509,Otherhood,2019-08-13,0,0,0,Angela Bassett,1
229,347689,Pee-wee's Big Holiday,2016-03-15,0,0,0,Paul Reubens,2
230,671039,Rogue City,2020-10-30,0,0,0,Lannick Gautry,2
231,653744,Sergio,2020-01-28,16000000,0,-16000000,Wagner Moura,2
232,646955,Stuck Apart,2021-01-08,0,0,0,Engin Günaydın,2
233,666649,Tersanjung: The Movie,2021-04-01,0,0,0,Clara Bernadeth,0
234,548064,You Might Be the Killer,2018-09-21,0,0,0,Fran Kranz,2
235,576156,The Lovebirds,2020-05-22,0,0,0,Issa Rae,1
236,401743,The Most Hated Woman in America,2017-03-24,0,0,0,Melissa Leo,1
237,529962,The Perfection,2018-09-20,0,0,0,Allison Williams,1
238,744991,Tribhanga,2021-01-15,0,0,0,Kajol,1
239,438396,Unknown Origins,2020-08-28,3268650,0,-3268650,Javier Rey,2
240,612706,Work It,2020-08-07,0,0,0,Sabrina Carpenter,1
241,656561,Alien Xmas,2020-11-20,0,0,0,Dee Bradley Baker,2
242,694254,Baggio: The Divine Ponytail,2021-05-26,0,0,0,Andrea Arcangeli,2
243,182228,100 Degrees Below Zero,2013-03-29,500000,0,-500000,John Rhys-Davies,2
244,755340,Citation,2020-11-05,0,0,0,Jimmy Jean-Louis,2
245,655832,Crazy Awesome Teachers,2020-08-17,0,0,0,Gading Marten,0
246,826844,Have You Ever Seen Fireflies? - Theatre Play,,0,0,0,,
247,510498,High Flying Bird,2019-01-27,0,0,0,André Holland,2
248,530382,In the Shadow of the Moon,2019-09-27,0,0,0,Boyd Holbrook,2
249,239889,JFK: The Lost Bullet,2011-11-17,0,0,0,,
250,726940,Octonauts and the Caves of Sac Actun,2020-08-14,0,0,0,Simon Greenall,2
251,673174,Offering to the Storm,2020-07-24,5989313,0,-5989313,Marta Etura,1
252,426257,"Roxanne, Roxanne",2017-01-22,0,0,0,Chanté Adams,1
253,515248,Someone Great,2019-04-19,0,0,0,Gina Rodriguez,1
254,581600,Spenser Confidential,2020-03-06,0,0,0,Mark Wahlberg,2
255,452731,The Land of Steady Habits,2018-09-12,0,0,0,Ben Mendelsohn,2
256,510073,The Rachel Divide,2018-04-23,0,0,0,Rachel Dolezal,0
257,397442,Win It All,2017-03-11,0,0,0,Jake Johnson,2
258,452507,1922,2017-10-20,0,0,0,Thomas Jane,2
259,602760,A Tale of Two Kitchens,2019-05-22,0,0,0,Gabriela Cámara,0
260,511785,Alex Strangelove,2018-04-16,0,0,0,Daniel Doheny,2
261,424121,Apostle,2018-09-21,0,0,0,Dan Stevens,2
262,495193,Benji,2018-03-02,0,0,0,Gabriel Bateman,2
263,400106,Bright,2017-12-22,90000000,0,-90000000,Will Smith,2
264,425972,Cargo,2017-10-06,0,56385,56385,Martin Freeman,2
265,621954,Concrete Cowboy,2020-09-10,0,0,0,Idris Elba,2
266,707886,Feel the Beat,2020-06-19,0,0,0,Sofia Carson,1
267,799497,Get the Goat,2021-03-18,0,0,0,Edmilson Filho,2
268,515841,I Am Not an Easy Man,2018-04-13,0,0,0,Vincent Elbaz,2
269,505003,Carter & June,2018-05-18,0,0,0,Michael Raymond-James,2
270,596178,Music Teacher,2018-09-08,0,0,0,Manav Kaul,2
271,824865,Nail Bomber: Manhunt,2021-05-26,0,0,0,Tony Blair,2
272,674865,Notes for My Son,2020-11-24,0,0,0,Valeria Bertuccelli,1
273,483906,Polar,2019-01-25,0,0,0,Mads Mikkelsen,2
274,390054,Sand Castle,2017-04-21,0,0,0,Logan Marshall-Green,2
275,457962,Shimmer Lake,2017-06-09,0,0,0,Rainn Wilson,2
276,324670,Spectral,2016-12-09,70000000,0,-70000000,James Badge Dale,2
277,623491,The Babysitter: Killer Queen,2020-09-10,0,0,0,Judah Lewis,2
278,376134,The Discovery,2017-03-31,0,0,0,Jason Segel,2
279,631997,The Forest of Love,2019-10-11,0,0,0,Kippei Shiina,2
280,517909,The Laundromat,2019-09-27,0,0,0,Meryl Streep,1
281,589023,The Legend of Cocaine Island,2018-04-20,0,0,0,Rodney Hyden,0
282,199928,The Outsider,2018-03-09,0,0,0,Jared Leto,2
283,571785,Time to Hunt,2020-02-22,9070000,0,-9070000,Lee Je-hoon,2
284,614409,To All the Boys: Always and Forever,2021-02-12,0,0,0,Lana Condor,1
285,625561,Travis Scott: Look Mom I Can Fly,2019-08-28,0,0,0,Travis Scott,2
286,660609,Uncorked,2020-03-27,0,0,0,Mamoudou Athie,0
287,726649,Anelka: Misunderstood,2020-08-05,0,0,0,Nicolas Anelka,2
288,774372,"ariana grande: excuse me, i love you",2020-12-21,0,0,0,Ariana Grande,1
289,410199,ARQ,2016-09-16,2000000,0,-2000000,Robbie Amell,2
290,632602,Birders,2019-09-25,0,0,0,Esteban Berrones,0
291,654299,Out Of The Clear Blue Sky,2019-12-24,0,0,0,Omar Chaparro,2
292,502122,First Match,2018-03-12,0,0,0,Elvire Emanuelle,1
293,568091,Fractured,2019-09-22,0,0,0,Sam Worthington,2
294,450489,Irreplaceable You,2018-02-16,10000000,0,-10000000,Gugu Mbatha-Raw,1
295,658760,Isi & Ossi,2020-02-14,0,0,0,Lisa Vicari,1
296,656353,John Was Trying to Contact Aliens,2020-01-23,0,0,0,John Shepherd,0
297,655830,Layla Majnun,2021-02-11,0,0,0,Reza Rahadian,2
298,690596,Murder to Mercy: The Cyntoia Brown Story,2020-04-29,0,0,0,Cyntoia D. Brown,1
299,285595,My Own Man,2014-03-06,0,0,0,,
300,519035,Nappily Ever After,2018-09-21,0,0,0,Sanaa Lathan,1
301,560050,Over the Moon,2020-10-16,0,0,0,Cathy Ang,1
302,614488,Street Flow,2019-10-12,0,0,0,Bakary Diombera,2
303,428612,Strong Island,2017-01-23,0,0,0,Yance Ford,2
304,624989,Sturgill Simpson Presents Sound & Fury,2019-09-27,0,0,0,Sturgill Simpson,2
305,502166,Take Your Pills,2018-03-09,0,0,0,Eben Britton,0
306,672745,The Heartbreak Club,2021-01-14,0,0,0,Bhisma Mulia,0
307,433878,The Mars Generation,2017-01-20,0,0,0,Bill Nye,2
308,711715,The Current Occupant,2020-07-17,0,0,0,Barry Watson,2
309,560044,The Willoughbys,2020-04-22,0,0,0,Will Forte,2
310,399361,Triple Frontier,2019-03-06,0,0,0,Ben Affleck,2
311,549599,Two Catalonias,2018-09-28,0,0,0,Carles Puigdemont,2
312,581420,Walk. Ride. Rodeo.,2019-03-08,0,0,0,Spencer Locke,1
313,471014,Wheelman,2017-10-20,0,0,0,Frank Grillo,2
314,433310,When We First Met,2018-02-09,10000000,0,-10000000,Adam DeVine,2
315,617331,A 3 Minute Hug,2018-11-20,0,0,0,,
316,342470,All the Bright Places,2020-02-28,0,0,0,Elle Fanning,1
317,615466,All Together Now,2020-08-28,0,0,0,Auli'i Cravalho,1
318,665251,Altered Carbon: Resleeved,2020-03-19,0,0,0,Tatsuhisa Suzuki,2
319,589116,Antoine Griezmann: The Making of a Legend,2019-03-21,0,0,0,Antoine Griezmann,2
320,770922,Canvas,2020-10-29,0,0,0,,
321,818119,Chadwick Boseman: Portrait of an Artist,2021-04-17,0,0,0,Chadwick Boseman,2
322,601801,Chopsticks,2019-05-31,0,0,0,Abhay Deol,2
323,581859,Da 5 Bloods,2020-06-12,45000000,0,-45000000,Delroy Lindo,2
324,809208,Dolly Parton: A MusiCares Tribute,2021-04-07,0,0,0,Dolly Parton,1
325,531454,Eurovision Song Contest: The Story of Fire Saga,2020-06-26,0,0,0,Rachel McAdams,1
326,343674,Gerald's Game,2017-09-29,0,0,0,Carla Gugino,1
327,575774,His House,2020-01-27,0,0,0,Sope Dirisu,2
328,622855,Jingle Jangle: A Christmas Journey,2020-11-06,0,0,0,Forest Whitaker,2
329,593280,Life Overtakes Me,2019-01-26,0,0,0,Henry Ascher,0
330,530154,Lust Stories,2018-06-15,0,0,0,Radhika Apte,1
331,458576,Monster Hunter,2020-12-03,60000000,25814306,-34185694,Milla Jovovich,1
332,407436,Mowgli: Legend of the Jungle,2018-11-25,175000000,0,-175000000,Rohan Chand,2
333,698432,Nobody Knows I'm Here,2020-04-15,0,0,0,Jorge Garcia,2
334,430830,Nobody Speak: Trials of the Free Press,2017-01-24,0,0,0,Hulk Hogan,2
335,18561,Oxygen,1999-11-12,0,0,0,Maura Tierney,1
336,384677,Set It Up,2018-06-15,0,0,0,Zoey Deutch,1
337,432789,The Incredible Jessica James,2017-01-27,0,0,0,Jessica Williams,1
338,544415,Tigertail,2020-04-10,0,0,0,Tzi Ma,2
339,412209,Tramps,2016-09-10,2000000,0,-2000000,Callum Turner,2
340,528491,WHAT DID JACK DO?,2017-11-08,0,0,0,Jack Cruz,2
341,578908,Bad Trip,2021-03-26,0,0,0,Eric André,2
342,405774,Bird Box,2018-12-13,19800000,0,-19800000,Sandra Bullock,1
343,714338,Bulbbul,2020-06-24,0,0,0,Tripti Dimri,1
344,778730,Crazy About Her,2021-02-26,0,0,0,Álvaro Cervantes,2
345,535356,Elisa & Marcela,2019-05-24,0,0,0,Natalia de Molina,1
346,3515,I'll Sleep When I'm Dead,2003-05-14,0,490964,490964,Clive Owen,2
347,500840,I'm Thinking of Ending Things,2020-08-28,0,0,0,Jessie Buckley,1
348,636709,It Takes a Lunatic,2019-05-03,0,0,0,Wynn Handman,2
349,798022,Milestone No. 2,2020-12-21,100,0,-100,Nicholas Dapolito,2
350,522393,Recovery Boys,2018-05-01,0,0,0,,
351,553648,ReMastered: Who Killed Jam Master Jay?,2018-10-12,0,0,0,Darryl McDaniels,2
352,752939,Shawn Mendes: In Wonder,2020-11-23,0,0,0,Shawn Mendes,2
353,581389,Space Sweepers,2021-02-05,21000000,0,-21000000,Song Joong-ki,2
354,520370,The American Meme,2018-12-07,0,0,0,Paris Hilton,1
355,468362,The Angel,2018-05-15,12000000,0,-12000000,Marwan Kenzari,2
356,632618,The Crimes That Bind,2020-08-20,0,0,0,Cecilia Roth,1
357,465003,The Red Sea Diving Resort,2019-07-28,0,0,0,Chris Evans,2
358,779201,What Would Sophia Loren Do?,2021-01-15,0,0,0,Nancy Kulik,1
359,667520,A Whisker Away,2020-06-18,0,0,0,Mirai Shida,1
360,802403,Ajeeb Daastaans,2021-04-16,0,0,0,Konkona Sen Sharma,1
361,763568,Arlo the Alligator Boy,2021-04-16,0,0,0,Michael J. Woodard,0
362,621753,"Bikram: Yogi, Guru, Predator",2019-09-10,0,0,0,Larissa Anderson,0
363,422128,Blame,2018-01-05,0,0,0,Quinn Shephard,1
364,671295,Blue Miracle,2021-05-27,0,0,0,Jimmy Gonzales,2
365,462104,Counterpunch,2017-06-16,1300000,0,-1300000,,
366,776142,"Crack: Cocaine, Corruption & Conspiracy",2021-01-11,0,0,0,Carl Hart,0
367,545609,Extraction,2020-04-24,65000000,0,-65000000,Chris Hemsworth,2
368,653747,Giving Voice,2020-01-26,0,0,0,Denzel Washington,2
369,592984,Hillbilly Elegy,2020-11-09,0,0,0,Amy Adams,1
370,253154,Imperial Dreams,2014-01-20,0,0,0,John Boyega,2
371,755339,Just Another Christmas,2020-12-03,0,0,0,Leandro Hassum,2
372,587385,Little Miss Sumo,2018-10-18,0,0,0,Hiyori Kon,0
373,722913,Malcolm & Marie,2021-01-29,2500000,30000000,27500000,Zendaya,1
374,430780,"Michael Bolton's Big, Sexy Valentine's Day Special",2017-02-07,0,0,0,Michael Bolton,2
375,583689,Moxie,2021-03-03,0,0,0,Hadley Robinson,1
376,137586,Night in Paradise,1946-05-03,0,0,0,Merle Oberon,1
377,785534,Paper Lives,2021-03-12,0,0,0,Çağatay Ulusoy,2
378,587910,Parchís: the Documentary,2019-03-12,0,0,0,Constantino 'Tino' Fernández,0
379,353571,Tallulah,2016-06-02,0,0,0,Elliot Page,3
380,547016,The Old Guard,2020-07-10,70000000,0,-70000000,Charlize Theron,1
381,376426,Tony Robbins: I Am Not Your Guru,2016-07-15,0,0,0,Tony Robbins,2
382,639411,Upstarts,2019-10-18,0,0,0,Priyanshu Painyuli,2
383,474354,22 July,2018-10-05,20000000,0,-20000000,Jonas Strand Gravli,0
384,423093,7 Years,2016-10-28,0,0,0,Paco León,2
385,391710,A Futile and Stupid Gesture,2018-01-24,10000000,0,-10000000,Will Forte,2
386,675598,A Life of Speed: The Juan Manuel Fangio Story,2020-03-20,0,0,0,Juan Manuel Fangio,0
387,631344,A Love Song for Latasha,2019-04-28,0,0,0,Brittany Hudson,1
388,595399,All in My Family,2019-05-03,0,0,0,Hao Wu,0
389,513576,Always Be My Maybe,2019-05-31,0,0,0,Ali Wong,1
390,699280,Becoming,2020-05-06,0,0,0,Michelle Obama,1
391,474051,Calibre,2018-06-22,0,0,0,Jack Lowden,2
392,773655,Death to 2020,2020-12-27,0,0,0,Samuel L. Jackson,2
393,739246,GIMS: On the Record,2020-09-17,0,0,0,Gims,2
394,673175,Have a Good Trip: Adventures in Psychedelics,2020-05-11,0,0,0,Nick Offerman,2
395,475345,Heroin(e),2017-09-03,0,0,0,,
396,511791,Mercury 13,2018-04-08,0,0,0,Myrtle Cagle,0
397,483010,Saving Capitalism,2017-08-25,0,0,0,Robert Reich,2
398,743382,Serious Men,2020-10-02,0,0,0,Nawazuddin Siddiqui,2
399,597156,The Boys in the Band,2020-09-30,0,0,0,Jim Parsons,2
400,748807,The Boys in the Band: Something Personal,2020-09-30,0,0,0,Mart Crowley,2
401,667869,The Life Ahead,2020-11-03,0,0,0,Sophia Loren,1
402,299782,The Other Side of the Wind,2018-11-02,12000000,0,-12000000,John Huston,2
403,683540,The Trader,2016-10-12,0,0,0,,
404,401104,To the Bone,2017-01-22,0,0,0,Lily Collins,1
405,782973,Tony Parker: The Final Shot,2021-01-06,0,0,0,Tony Parker,2
406,735919,AK vs AK,2020-12-24,0,0,0,Anil Kapoor,2
407,411009,Amanda Knox,2016-09-10,0,0,0,Amanda Knox,1
408,746752,Bigflo & Oli: Hip Hop Frenzy,2020-10-08,0,0,0,Bigflo,2
409,797309,Biggie: I Got a Story to Tell,2021-03-01,0,0,0,The Notorious B.I.G.,2
410,776979,Cops and Robbers,2020-12-28,0,0,0,Timothy Ware-Hill,2
411,425591,I Don't Feel at Home in This World Anymore,2017-01-19,0,0,0,Melanie Lynskey,1
412,450628,Laerte-se,2017-05-18,0,0,0,Laerte Coutinho,1
413,614560,Mank,2020-11-13,25000000,122252,-24877748,Gary Oldman,2
414,433252,Our Souls at Night,2017-09-29,0,0,0,Robert Redford,2
415,454227,Outlaw King,2018-09-06,0,0,0,Chris Pine,2
416,786190,Pagglait,2021-03-26,0,0,0,Sanya Malhotra,1
417,553539,ReMastered: Who Shot the Sheriff,2018-10-12,0,0,0,Jimmy Cliff,2
418,490818,Seeing Allred,2018-01-21,0,0,0,Gloria Allred,1
419,530973,Spelling the Dream,2020-06-03,0,0,0,Srinivas Ayyagari,0
420,686677,The Claudia Kishi Club,2020-03-26,0,0,0,Naia Cucukov,0
421,597219,The Half of It,2020-05-01,0,0,0,Leah Lewis,1
422,500682,The Highwaymen,2019-03-15,49000000,0,-49000000,Kevin Costner,2
423,604196,The Lonely Island Presents: The Unauthorized Bash Brothers Experience,2019-05-23,0,0,0,Andy Samberg,2
424,396398,The Meyerowitz Stories (New and Selected),2017-10-13,0,0,0,Adam Sandler,2
425,507618,Feminists: What Were They Thinking?,2018-02-19,700000,0,-700000,Laurie Anderson,1
426,472424,Gaga: Five Foot Two,2017-09-08,0,0,0,Lady Gaga,1
427,473313,Kingdom of Us,2017-10-07,0,0,0,Paul Shanks,0
428,650614,"Lorena, Light-footed Woman",2019-11-24,0,0,0,Lorena Ramirez,0
429,630750,Los Tigres del Norte at Folsom Prison,2019-09-05,0,0,0,,
430,615667,Ma Rainey's Black Bottom,2020-11-25,0,0,0,Viola Davis,1
431,777306,Ma Rainey's Black Bottom: A Legacy Brought to Screen,2020-12-18,0,0,0,Glynn Turman,2
432,799555,Operation Varsity Blues: The College Admissions Scandal,2021-03-17,0,0,0,Matthew Modine,2
433,785976,Pelé,2021-02-23,0,0,0,Pelé,2
434,553645,ReMastered: Devil at the Crossroads,2019-04-26,0,0,0,Keith Richards,2
435,601516,ReMastered: The Lion's Share,2019-05-17,0,0,0,Rian Malan,2
436,553644,ReMastered: The Miami Showband Massacre,2019-03-22,0,0,0,Stephen Travers,0
437,473545,Resurface,2017-04-23,0,0,0,Bobby Lane,0
438,439059,Rocko's Modern Life: Static Cling,2019-08-09,0,0,0,Carlos Alazraqui,2
439,636565,Rose Island,2020-12-09,8000000,0,-8000000,Elio Germano,0
440,654028,The Christmas Chronicles: Part Two,2020-11-18,0,0,0,Kurt Russell,2
441,327331,The Dirt,2019-03-22,0,0,0,Douglas Booth,2
442,449992,The Night Comes for Us,2018-10-05,0,0,0,Joe Taslim,2
443,437443,13th: A Conversation with Oprah Winfrey & Ava DuVernay,2017-01-26,0,0,0,Ava DuVernay,1
444,752455,Angela's Christmas Wish,2020-12-01,0,0,0,Lucy O'Connell,1
445,752455,Angela's Christmas Wish,2020-12-01,0,0,0,Lucy O'Connell,1
446,603519,Beats,2019-06-19,0,0,0,Anthony Anderson,2
447,597594,Circus of Books,2019-04-26,0,0,0,Rachel Mason,1
448,755328,Dance Dreams: Hot Chocolate Nutcracker,2020-11-27,0,0,0,Debbie Allen,1
449,554175,Derren Brown: Sacrifice,2018-10-19,0,0,0,Derren Brown,2
450,538620,"El Pepe, A Supreme Life",2019-10-13,0,0,0,José Mujica,2
451,9727,End Game,2006-03-22,5000000,0,-5000000,Cuba Gooding Jr.,2
452,21868,Evelyn,2002-09-30,0,0,0,Pierce Brosnan,2
453,717192,Ferry,2021-05-14,0,0,0,Frank Lammers,2
454,25767,The Grass Is Greener,1960-12-23,0,6000000,6000000,Cary Grant,2
455,752618,Guillermo Vilas: Settling the Score,2020-10-27,0,0,0,Guillermo Vilas,0
456,433084,Joshua: Teenager vs. Superpower,2017-01-20,0,0,0,Joshua Wong,2
457,360341,Keith Richards: Under the Influence,2015-09-18,0,0,0,Keith Richards,2
458,565312,Knock Down the House,2019-01-27,0,0,0,Alexandria Ocasio-Cortez,1
459,561556,Loudon Wainwright III: Surviving Twin,2018-11-13,0,0,0,Loudon Wainwright III,2
460,381071,My Beautiful Broken Brain,2014-11-21,0,0,0,Lotje Sodderland,1
461,474569,One of Us,2017-09-10,0,0,0,Etty,0
462,641662,Pieces of a Woman,2020-12-30,0,0,0,Vanessa Kirby,1
463,491104,"Ram Dass, Going Home",2017-09-24,0,0,0,Ram Dass,2
464,553649,ReMastered: Tricky Dick & The Man in Black,2018-11-02,0,0,0,Johnny Cash,2
465,753272,Rooting for Roona,2020-10-15,0,0,0,,
466,499932,The Devil All the Time,2020-09-11,0,0,0,Tom Holland,2
467,532865,The Dig,2021-01-14,0,0,0,Carey Mulligan,1
468,566222,The Great Hack,2019-01-26,0,0,0,Brittany Kaiser,0
469,628534,The White Tiger,2021-01-13,0,0,0,Adarsh Gourav,2
470,466282,To All the Boys I've Loved Before,2018-08-16,0,0,0,Lana Condor,1
471,743601,American Murder: The Family Next Door,2020-09-30,0,0,0,Nickole Atkinson,0
472,376228,Audrie & Daisy,2016-09-23,0,0,0,Daisy Coleman,1
473,433247,First They Killed My Father,2017-02-18,24000000,0,-24000000,Sareum Srey Moch,0
474,567860,Fyre,2019-01-18,0,0,0,Billy McFarland,2
475,360029,Into the Inferno,2016-09-07,0,0,0,Werner Herzog,2
476,688848,LA Originals,2020-04-10,0,0,0,Estevan Oriol,2
477,492184,Ladies First,2017-07-07,450000,0,-450000,Deepika Kumari,0
478,505175,Love per Square Foot,2018-02-14,0,0,0,Vicky Kaushal,2
479,525183,Paddleton,2019-02-22,0,0,0,Mark Duplass,2
480,458342,Private Life,2018-10-05,0,0,0,Kathryn Hahn,1
481,376660,The Edge of Seventeen,2016-11-18,9000000,18803648,9803648,Hailee Steinfeld,1
482,27769,Sometimes They Come Back,1991-05-07,0,0,0,Tim Matheson,2
483,539036,Soni,2019-01-18,0,0,0,Geetika Vidya Ohlyan,0
484,620897,The Forty-Year-Old Version,2020-01-25,0,0,0,Radha Blank,1
485,728116,The Disciple,2020-09-03,0,0,0,Aditya Modak,0
486,566221,The Edge of Democracy,2019-01-24,0,0,0,Dilma Rousseff,1
487,504949,The King,2019-10-11,0,0,0,Timothée Chalamet,2
488,334517,The Siege of Jadotville,2016-09-19,0,0,0,Jamie Dornan,2
489,507389,Zion,2018-01-18,0,0,0,Zion Clark,0
490,528888,Dolemite Is My Name,2019-10-04,0,0,0,Eddie Murphy,2
491,559969,El Camino: A Breaking Bad Movie,2019-10-11,0,0,0,Aaron Paul,2
492,393443,Extremis,2016-04-17,0,0,0,Monica Bhargava,0
493,695476,Father Soldier Son,2020-04-15,0,0,0,Brian Eisch,0
494,448448,Get Me Roger Stone,2017-04-23,0,0,0,Roger Stone,2
495,582927,I'm No Longer Here,2019-10-21,849080,0,-849080,Juan Daniel Garcia Treviño,2
496,653735,Mucho Mucho Amor: The Legend of Walter Mercado,2020-01-24,0,0,0,Walter Mercado,2
497,726940,Octonauts and the Caves of Sac Actun,2020-08-14,0,0,0,Simon Greenall,2
498,387426,Okja,2017-06-28,50000000,0,-50000000,Ahn Seo-hyun,1
499,538362,On My Skin,2018-09-12,0,0,0,Alessandro Borghi,2
500,589615,Raat Akeli Hai,2020-07-31,0,0,0,Nawazuddin Siddiqui,2
501,553651,ReMastered: Massacre at the Stadium,2019-01-11,0,0,0,Víctor Jara,2
502,553646,ReMastered: The Two Killings of Sam Cooke,2019-02-08,0,0,0,Sam Cooke,2
503,753583,Secrets of the Saqqara Tomb,2020-10-28,0,0,0,,
504,651166,Sitara: Let Girls Dream,2019-09-23,0,0,0,,
505,376389,Sky Ladder: The Art of Cai Guo-Qiang,2017-09-22,0,0,0,Cai Guo-Qiang,0
506,390520,Team Foxcatcher,2016-04-18,0,0,0,Dave Schultz,2
507,537996,The Ballad of Buster Scruggs,2018-11-09,0,0,0,Tim Blake Nelson,2
508,448444,The Death and Life of Marsha P. Johnson,2017-07-27,0,0,0,Marsha P. Johnson,0
509,318121,The Fundamentals of Caring,2016-06-16,0,0,0,Paul Rudd,2
510,261039,"The Other One: The Long, Strange Trip of Bob Weir",2014-04-20,0,0,0,Bob Weir,2
511,565716,American Factory,2019-08-21,0,0,0,Junming 'Jimmy' Wang,0
512,634754,Fire in Paradise,2019-09-01,0,0,0,,
513,459992,Long Shot,2019-05-02,40000000,0,-40000000,Charlize Theron,1
514,653567,Miss Americana,2020-01-31,0,0,0,Taylor Swift,1
515,524288,Period. End of Sentence.,2018-04-05,0,0,0,Arunachalam Muruganatham,0
516,768410,Shawn Mendes: Live in Concert,2020-11-25,0,0,0,Shawn Mendes,2
517,489994,Shirkers,2018-01-21,0,0,0,Sandi Tan,1
518,606215,The Black Godfather,2019-06-07,0,0,0,Clarence Avant,0
519,651724,The Irishman: In Conversation,2019-11-27,0,0,0,Martin Scorsese,2
520,720748,The Speed Cubers,2020-07-29,0,0,0,Max Park,0
521,538002,They'll Love Me When I'm Dead,2018-08-31,0,0,0,Orson Welles,2
522,318225,Tig,2015-04-23,0,0,0,Tig Notaro,1
523,485157,Barbra: The Music ... The Mem'ries ... The Magic!,2017-11-22,0,0,0,Barbra Streisand,1
524,740996,BLACKPINK: Light Up the Sky,2020-10-14,0,0,0,Lisa,1
525,47821,City of Joy,1992-04-15,27000000,14683921,-12316079,Patrick Swayze,2
526,653574,Dick Johnson Is Dead,2020-01-23,0,0,0,Michael Hilow,0
527,593691,Homecoming: A Film by Beyoncé,2019-04-17,0,0,0,Beyoncé,1
528,472983,Invader ZIM: Enter the Florpus,2019-08-16,0,0,0,Jhonen Vasquez,2
529,473408,Joan Didion: The Center Will Not Hold,2017-10-11,0,0,0,Joan Didion,1
530,86705,John Mulaney: New in Town,2012-01-31,0,0,0,John Mulaney,2
531,545634,Reversing Roe,2018-09-01,0,0,0,Donna Howard,0
532,416211,The White Helmets,2016-09-16,0,0,0,Khalid Farah,0
533,684700,Athlete A,2020-06-24,0,0,0,Maggie Nichols,0
534,349138,Ludo,2015-07-17,0,0,0,Kamalika Banerjee,1
535,504561,Quincy,2018-09-21,0,0,0,Quincy Jones,2
536,627070,Tell Me Who I Am,2019-10-18,0,0,0,Alex Lewis,0
537,511815,The Bleeding Edge,2018-07-27,0,0,0,Robert Bridges,0
538,656690,The Social Dilemma,2020-01-26,0,0,0,Skyler Gisondo,2
539,551332,The Two Popes,2019-11-27,0,232638,232638,Anthony Hopkins,2
540,318044,"What Happened, Miss Simone?",2015-01-22,0,0,0,Nina Simone,1
541,671909,Yeh Ballet,2020-02-21,0,0,0,Achintya Bose,0
542,610120,Anima,2019-06-27,0,0,0,Thom Yorke,2
543,283587,Beasts of No Nation,2015-09-11,6000000,9077700,3077700,Abraham Attah,2
544,596204,Brené Brown: The Call to Courage,2019-04-19,0,0,0,Brené Brown,1
545,653725,Crip Camp: A Disability Revolution,2020-03-25,0,0,0,Larry Allison,0
546,718831,Jim Jefferies: Intolerant,2020-07-07,0,0,0,Jim Jefferies,2
547,408619,Justin Timberlake + The Tennessee Kids,2016-09-13,0,0,0,Justin Timberlake,2
548,649368,Road to Roma,2020-02-11,0,0,0,Alfonso Cuarón,2
549,426426,Roma,2018-08-25,15000000,1140769,-13859231,Yalitza Aparicio,1
550,713776,If Anything Happens I Love You,2020-03-07,0,0,0,,
551,398978,The Irishman,2019-11-01,159000000,8000000,-151000000,Robert De Niro,2
552,556984,The Trial of the Chicago 7,2020-09-25,35000000,107423,-34892577,Yahya Abdul-Mateen II,2
553,687156,A Secret Love,2020-04-29,0,0,0,Terry Donahue,1
554,432976,Icarus,2017-06-03,0,0,0,Bryan Fogel,2
555,492188,Marriage Story,2019-09-28,18000000,2300000,-15700000,Adam Driver,2
556,411023,The Ivory Game,2016-09-02,0,0,0,Ofir Drori,2
557,432615,Chasing Coral,2017-03-16,0,0,0,Andrew Ackerman,0
558,682110,My Octopus Teacher,2020-09-04,0,0,0,Craig Foster,2
559,726887,Rising Phoenix,2020-08-26,0,0,0,Bebe Vio,1
560,4488,Friday the 13th,1980-05-09,550000,59754601,59204601,Betsy Palmer,1
561,653610,Disclosure,2020-06-19,0,0,0,Laverne Cox,1
562,508965,Klaus,2019-11-08,0,0,0,Jason Schwartzman,2
563,801058,Seaspiracy,2021-03-24,0,0,0,Ali Tabrizi,2
564,753230,The Three Deaths of Marisela Escobedo,2020-10-14,0,0,0,Juan Manuel Fraire Escobedo,0
565,474433,Cuba and the Cameraman,2017-09-08,0,0,0,Jon Alpert,2
566,634541,Dancing with the Birds,2019-10-23,0,0,0,Stephen Fry,2
567,699210,Ben Platt: Live from Radio City Music Hall,2020-05-20,0,0,0,Ben Platt,2
568,568332,Taylor Swift: Reputation Stadium Tour,2018-12-31,0,0,0,Taylor Swift,1
569,355020,Winter on Fire: Ukraine's Fight for Freedom,2015-10-09,0,0,0,Cissy Jones,0
570,563708,Springsteen On Broadway,2018-12-16,0,0,0,Bruce Springsteen,2
571,765613,Emicida: AmarElo - It's All for Yesterday,2020-12-08,0,0,0,Emicida,2
572,664280,David Attenborough: A Life on Our Planet,2020-09-28,0,0,0,David Attenborough,2
